<?xml version="1.0" encoding="UTF-8"?>
<project-private xmlns="http://www.netbeans.org/ns/project-private/1">
    <editor-bookmarks xmlns="http://www.netbeans.org/ns/editor-bookmarks/2" lastBookmarkId="0"/>
    <open-files xmlns="http://www.netbeans.org/ns/projectui-open-files/2">
        <group>
            <file>file:/C:/Users/hninaha/Documents/Docencia/Semestre%202024-1/IS2/Nota%201/AP_NOMBRES_NOTA1_IS2_2024_1/src/pregunta4/problem/PrintServer.java</file>
            <file>file:/C:/Users/hninaha/Documents/Docencia/Semestre%202024-1/IS2/Nota%201/AP_NOMBRES_NOTA1_IS2_2024_1/src/pregunta4/problem/Prueba.java</file>
            <file>file:/C:/Users/hninaha/Documents/Docencia/Semestre%202024-1/IS2/Nota%201/AP_NOMBRES_NOTA1_IS2_2024_1/src/pregunta2/problem/Curriculum.java</file>
            <file>file:/C:/Users/hninaha/Documents/Docencia/Semestre%202024-1/IS2/Nota%201/AP_NOMBRES_NOTA1_IS2_2024_1/src/pregunta1/solution/Pensionista.java</file>
            <file>file:/C:/Users/hninaha/Documents/Docencia/Semestre%202024-1/IS2/Nota%201/AP_NOMBRES_NOTA1_IS2_2024_1/src/pregunta1/solution/PensionistaAFP.java</file>
            <file>file:/C:/Users/hninaha/Documents/Docencia/Semestre%202024-1/IS2/Nota%201/AP_NOMBRES_NOTA1_IS2_2024_1/src/pregunta1/solution/PensionistaONP.java</file>
            <file>file:/C:/Users/hninaha/Documents/Docencia/Semestre%202024-1/IS2/Nota%201/AP_NOMBRES_NOTA1_IS2_2024_1/src/pregunta1/solution/Fecha.java</file>
            <file>file:/C:/Users/hninaha/Documents/Docencia/Semestre%202024-1/IS2/Nota%201/AP_NOMBRES_NOTA1_IS2_2024_1/src/pregunta1/solution/PruebaPension.java</file>
            <file>file:/C:/Users/hninaha/Documents/Docencia/Semestre%202024-1/IS2/Nota%201/AP_NOMBRES_NOTA1_IS2_2024_1/src/pregunta2/solution/Curriculum.java</file>
            <file>file:/C:/Users/hninaha/Documents/Docencia/Semestre%202024-1/IS2/Nota%201/AP_NOMBRES_NOTA1_IS2_2024_1/src/pregunta2/solution/CurriculumLista.java</file>
            <file>file:/C:/Users/hninaha/Documents/Docencia/Semestre%202024-1/IS2/Nota%201/AP_NOMBRES_NOTA1_IS2_2024_1/src/pregunta3/solution/Cacerola.java</file>
            <file>file:/C:/Users/hninaha/Documents/Docencia/Semestre%202024-1/IS2/Nota%201/AP_NOMBRES_NOTA1_IS2_2024_1/src/pregunta3/solution/Olla.java</file>
            <file>file:/C:/Users/hninaha/Documents/Docencia/Semestre%202024-1/IS2/Nota%201/AP_NOMBRES_NOTA1_IS2_2024_1/src/pregunta3/solution/Sarten.java</file>
            <file>file:/C:/Users/hninaha/Documents/Docencia/Semestre%202024-1/IS2/Nota%201/AP_NOMBRES_NOTA1_IS2_2024_1/src/pregunta3/solution/CacerolaRoyal.java</file>
            <file>file:/C:/Users/hninaha/Documents/Docencia/Semestre%202024-1/IS2/Nota%201/AP_NOMBRES_NOTA1_IS2_2024_1/src/pregunta3/solution/OllaRoyal.java</file>
            <file>file:/C:/Users/hninaha/Documents/Docencia/Semestre%202024-1/IS2/Nota%201/AP_NOMBRES_NOTA1_IS2_2024_1/src/pregunta3/solution/SartenRoyal.java</file>
            <file>file:/C:/Users/hninaha/Documents/Docencia/Semestre%202024-1/IS2/Nota%201/AP_NOMBRES_NOTA1_IS2_2024_1/src/pregunta3/solution/CacerolaRecord.java</file>
            <file>file:/C:/Users/hninaha/Documents/Docencia/Semestre%202024-1/IS2/Nota%201/AP_NOMBRES_NOTA1_IS2_2024_1/src/pregunta3/solution/OllaRecord.java</file>
            <file>file:/C:/Users/hninaha/Documents/Docencia/Semestre%202024-1/IS2/Nota%201/AP_NOMBRES_NOTA1_IS2_2024_1/src/pregunta3/solution/SartenRecord.java</file>
            <file>file:/C:/Users/hninaha/Documents/Docencia/Semestre%202024-1/IS2/Nota%201/AP_NOMBRES_NOTA1_IS2_2024_1/src/pregunta3/solution/JuegoDeCocinaFactory.java</file>
            <file>file:/C:/Users/hninaha/Documents/Docencia/Semestre%202024-1/IS2/Nota%201/AP_NOMBRES_NOTA1_IS2_2024_1/src/pregunta3/solution/FabricaRoyal.java</file>
            <file>file:/C:/Users/hninaha/Documents/Docencia/Semestre%202024-1/IS2/Nota%201/AP_NOMBRES_NOTA1_IS2_2024_1/src/pregunta3/solution/FabricaRecord.java</file>
            <file>file:/C:/Users/hninaha/Documents/Docencia/Semestre%202024-1/IS2/Nota%201/AP_NOMBRES_NOTA1_IS2_2024_1/src/pregunta4/solution/PrintServer.java</file>
            <file>file:/C:/Users/hninaha/Documents/Docencia/Semestre%202024-1/IS2/Nota%201/AP_NOMBRES_NOTA1_IS2_2024_1/src/pregunta4/solution/Prueba.java</file>
        </group>
    </open-files>
</project-private>
