<?xml version="1.0" encoding="UTF-8"?>
<project-private xmlns="http://www.netbeans.org/ns/project-private/1">
    <editor-bookmarks xmlns="http://www.netbeans.org/ns/editor-bookmarks/2" lastBookmarkId="0"/>
    <open-files xmlns="http://www.netbeans.org/ns/projectui-open-files/2">
        <group>
            <file>file:/C:/Users/profN409/Documents/hnina/Semana%204/Ejemplo1AbstractFactory/src/model/Button.java</file>
            <file>file:/C:/Users/profN409/Documents/hnina/Semana%204/Ejemplo1AbstractFactory/src/model/TextFieldMacOS.java</file>
            <file>file:/C:/Users/profN409/Documents/hnina/Semana%204/Ejemplo1AbstractFactory/src/model/FactoryWindows.java</file>
            <file>file:/C:/Users/profN409/Documents/hnina/Semana%204/Ejemplo1AbstractFactory/src/model/FactoryMacOS.java</file>
            <file>file:/C:/Users/profN409/Documents/hnina/Semana%204/Ejemplo1AbstractFactory/src/model/ButtonWindows.java</file>
            <file>file:/C:/Users/profN409/Documents/hnina/Semana%204/Ejemplo1AbstractFactory/src/model/TextFieldWindows.java</file>
            <file>file:/C:/Users/profN409/Documents/hnina/Semana%204/Ejemplo1AbstractFactory/src/model/TextField.java</file>
            <file>file:/C:/Users/profN409/Documents/hnina/Semana%204/Ejemplo1AbstractFactory/src/model/FactoryGUI.java</file>
            <file>file:/C:/Users/profN409/Documents/hnina/Semana%204/Ejemplo1AbstractFactory/src/model/ButtonMacOS.java</file>
        </group>
    </open-files>
</project-private>
